name,url,modified_time
CFP-003-03 Fixed Assets Periodic Physical Count (1Jun22).pdf,https://nuhs-intranet/Corporate%20Finance%20Office/Shared%20Documents/CFP-003-03%20Fixed%20Assets%20Periodic%20Physical%20Count%20%281Jun22%29.pdf,2022-05-27 10:26:36
CFP-003-04 Revaluation & Obsolescence.pdf,https://nuhs-intranet/Corporate%20Finance%20Office/Shared%20Documents/CFP-003-04%20Revaluation%20%26%20Obsolescence.pdf,2024-01-08 21:11:53
CFP-003-05 Pledging of Fixed Assets.pdf,https://nuhs-intranet/Corporate%20Finance%20Office/Shared%20Documents/CFP-003-05%20Pledging%20of%20Fixed%20Assets.pdf,2024-01-08 21:11:53
CFP-004-01_Departmental Funds Policy_Final 1Apr23 v1.pdf,https://nuhs-intranet/Corporate%20Finance%20Office/Shared%20Documents/CFP-004-01_Departmental%20Funds%20Policy_Final%201Apr23%20v1.pdf,2023-05-12 14:41:24
CFP-005-01_Payment Processing.pdf,https://nuhs-intranet/Corporate%20Finance%20Office/Shared%20Documents/CFP-005-01_Payment%20Processing.pdf,2021-04-07 15:40:35
Finance Support for Financial Assessment_update Jan'23.pdf,https://nuhs-intranet/Corporate%20Finance%20Office/Shared%20Documents/Finance%20Support%20for%20Financial%20Assessment_update%20Jan%2723.pdf,2023-01-08 22:36:11
NUHS_Policy CFP-003-01a (Fixed Assets Classification) 28Jul22.pdf,https://nuhs-intranet/Corporate%20Finance%20Office/Shared%20Documents/NUHS_Policy%20CFP-003-01a%20%28Fixed%20Assets%20Classification%29%2028Jul22.pdf,2022-07-29 23:16:28
NUHS Tier 1 Major Incident Escalation Protocol (Jul 2023).pdf,https://nuhs-intranet/Corporate%20Finance%20Office/Shared%20Documents/NUHS%20Tier%201%20Major%20Incident%20Escalation%20Protocol%20%28Jul%202023%29.pdf,2023-11-03 13:48:55
Terms of Reference Management Procurement Board_update Jan'23.pdf,https://nuhs-intranet/Corporate%20Finance%20Office/Shared%20Documents/Terms%20of%20Reference%20Management%20Procurement%20Board_update%20Jan%2723.pdf,2023-01-08 22:35:51
ATA Form template.docx,https://nuhs-intranet/Corporate%20Finance%20Office/Shared%20Documents/ATA%20Form%20template.docx,2022-07-03 21:02:31
CFP-004_02_Petty Cash Fund Policy_dated01Mar2020.pdf,https://nuhs-intranet/Corporate%20Finance%20Office/Shared%20Documents/CFP-004_02_Petty%20Cash%20Fund%20Policy_dated01Mar2020.pdf,2021-04-07 15:40:35
CFP-005-02_Creditors Reconciliation Policy_dated28Mar2019.pdf,https://nuhs-intranet/Corporate%20Finance%20Office/Shared%20Documents/CFP-005-02_Creditors%20Reconciliation%20Policy_dated28Mar2019.pdf,2021-04-07 15:40:35
[INTRANET] NUHS_Policy CFP-003-02 (1 Jun 22).pdf,https://nuhs-intranet/Corporate%20Finance%20Office/Shared%20Documents/%5BINTRANET%5D%20NUHS_Policy%20CFP-003-02%20%281%20Jun%2022%29.pdf,2022-05-27 10:58:26
Whistle-Blowing Policy (Updated)(August 2023).pdf,https://nuhs-intranet/Corporate%20Finance%20Office/Shared%20Documents/Whistle-Blowing%20Policy%20%28Updated%29%28August%202023%29.pdf,2024-01-10 13:36:30
CFP_001_01_Harmonisation Policy_wef1Jan2024.pdf,https://nuhs-intranet/Corporate%20Finance%20Office/Shared%20Documents/CFP_001_01_Harmonisation%20Policy_wef1Jan2024.pdf,2024-01-08 21:01:20
CFP-003-07 Fixed Assets Donated by External Party Grant.pdf,https://nuhs-intranet/Corporate%20Finance%20Office/Shared%20Documents/CFP-003-07%20Fixed%20Assets%20Donated%20by%20External%20Party%20Grant.pdf,2024-01-08 21:11:52
Checklist for Requirements prior to ATA v8.0.docx,https://nuhs-intranet/Corporate%20Finance%20Office/Shared%20Documents/Checklist%20for%20Requirements%20prior%20to%20ATA%20v8.0.docx,2021-09-22 21:42:18
CFP-003-02 Fixed Assets Acquisition Transfer.pdf,https://nuhs-intranet/Corporate%20Finance%20Office/Shared%20Documents/CFP-003-02%20%E2%80%8BFixed%20Assets%20Acquisition%20Transfer.pdf,2024-01-08 21:11:53
CFP-003-01 Fixed Assets Capitalisation & Dep.pdf,https://nuhs-intranet/Corporate%20Finance%20Office/Shared%20Documents/CFP-003-01%20Fixed%20Assets%20Capitalisation%20%26%20Dep.pdf,2024-01-08 21:11:53
Approval template for submission to MP Board for ATA 170821.docx,https://nuhs-intranet/Corporate%20Finance%20Office/Shared%20Documents/Approval%20template%20for%20submission%20to%20MP%20Board%20for%20ATA%20170821.docx,2021-09-22 21:42:03
[INTRANET] NUHS_Policy CFP-003-01 (1 Jun 22).pdf,https://nuhs-intranet/Corporate%20Finance%20Office/Shared%20Documents/%5BINTRANET%5D%20NUHS_Policy%20CFP-003-01%20%281%20Jun%2022%29.pdf,2022-05-27 10:57:19
CFP-008_01_NUHS Group Meta-Data Governance Policy version 3.pdf,https://nuhs-intranet/Corporate%20Finance%20Office/Shared%20Documents/CFP-008_01_NUHS%20Group%20Meta-Data%20Governance%20Policy%20version%203.pdf,2024-01-08 15:07:58
CFP 003-02 Annex C - Disposal Form.docx,https://nuhs-intranet/Corporate%20Finance%20Office/Shared%20Documents/CFP%20003-02%20Annex%20C%20-%20Disposal%20Form.docx,2022-05-27 10:15:07
NUHS ERM Framework_18 Jan 23 (latest).pdf,https://nuhs-intranet/Corporate%20Finance%20Office/Shared%20Documents/NUHS%20ERM%20Framework_18%20Jan%2023%20%28latest%29.pdf,2023-06-15 16:11:25
NUHS_Policy CFP-003-04 (Revaluation & Obsolescence) 28Jul.pdf,https://nuhs-intranet/Corporate%20Finance%20Office/Shared%20Documents/NUHS_Policy%20CFP-003-04%20%28Revaluation%20%26%20Obsolescence%29%2028Jul.pdf,2022-07-29 23:16:35
NUHS_Policy CFP-003-05 (Pledging of Fixed Assets) 28Jul.pdf,https://nuhs-intranet/Corporate%20Finance%20Office/Shared%20Documents/NUHS_Policy%20CFP-003-05%20%28Pledging%20of%20Fixed%20Assets%29%2028Jul.pdf,2022-07-29 23:16:38
CFP-007-01 NUHS Fraud Management Policy (March 2019).pdf,https://nuhs-intranet/Corporate%20Finance%20Office/Shared%20Documents/CFP-007-01%20NUHS%20Fraud%20Management%20Policy%20%28March%202019%29.pdf,2024-01-10 13:36:34
Dates for Management Procurement Board Sessions for Corporate Office & Cluster Level_Jan to Dec'24.pdf,https://nuhs-intranet/Corporate%20Finance%20Office/Shared%20Documents/Dates%20for%20Management%20Procurement%20Board%20Sessions%20for%20Corporate%20Office%20%26%20Cluster%20Level_Jan%20to%20Dec%2724.pdf,2023-12-27 08:17:01
COVID-19 - COA Master Listv6.pdf,https://nuhs-intranet/Corporate%20Finance%20Office/Shared%20Documents/COVID-19%20-%20COA%20Master%20Listv6.pdf,2021-04-07 15:40:38
CFP 003-03 Annex B FA Custodian Nomination Form.docx,https://nuhs-intranet/Corporate%20Finance%20Office/Shared%20Documents/CFP%20003-03%20Annex%20B%20FA%20Custodian%20Nomination%20Form.docx,2022-05-27 16:25:04
CFP 003-03 Annex D List of eqpt out of dept.xlsx,https://nuhs-intranet/Corporate%20Finance%20Office/Shared%20Documents/CFP%20003-03%20Annex%20D%20List%20of%20eqpt%20out%20of%20dept.xlsx,2022-05-27 16:25:08
CFP-004-01 Departmental Funds Policy.pdf,https://nuhs-intranet/Corporate%20Finance%20Office/Shared%20Documents/CFP-004-01%20Departmental%20Funds%20Policy.pdf,2024-01-08 21:11:52
CFP-002-01_Local Transport_Policy (8Nov21).pdf,https://nuhs-intranet/Corporate%20Finance%20Office/Shared%20Documents/CFP-002-01_Local%20Transport_Policy%20%288Nov21%29.pdf,2022-07-29 23:16:13
Form - Banker's Guarantee.doc,https://nuhs-intranet/Corporate%20Finance%20Office/Shared%20Documents/Form%20-%20Banker%27s%20Guarantee.doc,2022-03-06 21:53:40
Whistle-Blowing Policy (Updated)(May 2019).pdf,https://nuhs-intranet/Corporate%20Finance%20Office/Shared%20Documents/Whistle-Blowing%20Policy%20%28Updated%29%28May%202019%29.pdf,2021-04-07 15:40:40
Harmonization Policy_updates_wef_01 Apr 20_summary_v3.pdf,https://nuhs-intranet/Corporate%20Finance%20Office/Shared%20Documents/Harmonization%20Policy_updates_wef_01%20Apr%2020_summary_v3.pdf,2021-04-07 15:40:38
Form of Parent Guarantee_v1.0.docx,https://nuhs-intranet/Corporate%20Finance%20Office/Shared%20Documents/Form%20of%20Parent%20Guarantee_v1.0.docx,2021-12-01 16:11:24
CFP-005-01 Payment Processing.pdf,https://nuhs-intranet/Corporate%20Finance%20Office/Shared%20Documents/CFP-005-01%20Payment%20Processing.pdf,2024-01-08 21:11:52
1. CFP_001_01_Harmonisation Policy_2023.pdf,https://nuhs-intranet/Corporate%20Finance%20Office/Shared%20Documents/1.%20CFP_001_01_Harmonisation%20Policy_2023.pdf,2023-05-12 14:41:23
Dates for Management Procurement Board A Sessions 2022.docx,https://nuhs-intranet/Corporate%20Finance%20Office/Shared%20Documents/Dates%20for%20Management%20Procurement%20Board%20A%20Sessions%202022.docx,2022-10-04 08:12:03
ATA Paper template.docx,https://nuhs-intranet/Corporate%20Finance%20Office/Shared%20Documents/ATA%20Paper%20template.docx,2022-12-12 22:13:58
2021-3005 Finance Support for Financial Assessment v1.1 060921.pptx,https://nuhs-intranet/Corporate%20Finance%20Office/Shared%20Documents/2021-3005%20Finance%20Support%20for%20Financial%20Assessment%20v1.1%20060921.pptx,2021-12-01 16:11:32
CFP 003-03 Annex C Fixed asset physical count.xlsx,https://nuhs-intranet/Corporate%20Finance%20Office/Shared%20Documents/CFP%20003-03%20Annex%20C%20Fixed%20asset%20physical%20count.xlsx,2022-05-27 16:25:06
NUHS ERM Framework (Jul 2023).pdf,https://nuhs-intranet/Corporate%20Finance%20Office/Shared%20Documents/NUHS%20ERM%20Framework%20%28Jul%202023%29.pdf,2023-11-03 13:48:49
CFP_001_01_Harmonisation Policy_wef10Jan2024.pdf,https://nuhs-intranet/Corporate%20Finance%20Office/Shared%20Documents/CFP_001_01_Harmonisation%20Policy_wef10Jan2024.pdf,2024-01-09 09:45:39
CFP 003-03 Annex A FA verification form.xlsx,https://nuhs-intranet/Corporate%20Finance%20Office/Shared%20Documents/CFP%20003-03%20Annex%20A%20FA%20verification%20form.xlsx,2022-05-27 16:25:01
Budget Justification and ATP Form.docx,https://nuhs-intranet/Corporate%20Finance%20Office/Shared%20Documents/Budget%20Justification%20and%20ATP%20Form.docx,2022-07-03 21:02:44
Budget Justification and ATP Paper.docx,https://nuhs-intranet/Corporate%20Finance%20Office/Shared%20Documents/Budget%20Justification%20and%20ATP%20Paper.docx,2022-07-03 21:02:37
CFP-008-002_NUHS Group_Treasury_Policy_dated01Nov2019v2.pdf,https://nuhs-intranet/Corporate%20Finance%20Office/Shared%20Documents/CFP-008-002_NUHS%20Group_Treasury_Policy_dated01Nov2019v2.pdf,2024-01-08 15:08:06
1. CFP_001_01_Harmonisation Policy_2023 Dec.pdf,https://nuhs-intranet/Corporate%20Finance%20Office/Shared%20Documents/1.%20CFP_001_01_Harmonisation%20Policy_2023%20Dec.pdf,2023-11-30 15:56:03
CFP 003-03 Annex E Fixed asset discrepanices.xls,https://nuhs-intranet/Corporate%20Finance%20Office/Shared%20Documents/CFP%20003-03%20Annex%20E%20Fixed%20asset%20discrepanices.xls,2022-05-27 16:25:11
INTRANET NUHS_Policy CFP-003-02 28July.pdf,https://nuhs-intranet/Corporate%20Finance%20Office/Shared%20Documents/INTRANET%20NUHS_Policy%20CFP-003-02%2028July.pdf,2022-07-29 23:16:31
CFP-006-01_Entertainment and Refreshment Policy_Final 1Apr23.pdf,https://nuhs-intranet/Corporate%20Finance%20Office/Shared%20Documents/CFP-006-01_Entertainment%20and%20Refreshment%20Policy_Final%201Apr23.pdf,2023-03-29 14:16:17
CFP-004-02 Petty Cash Fund Policy.pdf,https://nuhs-intranet/Corporate%20Finance%20Office/Shared%20Documents/CFP-004-02%20Petty%20Cash%20Fund%20Policy.pdf,2024-01-08 21:11:52
CFP-003-06 Fixed Assets Donation.pdf,https://nuhs-intranet/Corporate%20Finance%20Office/Shared%20Documents/CFP-003-06%20Fixed%20Assets%20Donation.pdf,2024-01-08 21:11:53
CFP-005-02 Creditors Reconciliation Policy.pdf,https://nuhs-intranet/Corporate%20Finance%20Office/Shared%20Documents/CFP-005-02%20Creditors%20Reconciliation%20Policy.pdf,2024-01-08 21:11:53
NUHS_Policy CFP-003-02 wef 1May20.pdf,https://nuhs-intranet/Corporate%20Finance%20Office/Shared%20Documents/NUHS_Policy%20CFP-003-02%20wef%201May20.pdf,2021-04-07 15:40:39
Dates for Management Procurement Board Sessions for Corporate Office & Cluster Level_Jan to Dec'23_v2.pdf,https://nuhs-intranet/Corporate%20Finance%20Office/Shared%20Documents/Dates%20for%20Management%20Procurement%20Board%20Sessions%20for%20Corporate%20Office%20%26%20Cluster%20Level_Jan%20to%20Dec%2723_v2.pdf,2023-04-12 21:08:10
"CFP 003-02 Fixed Asset Transfer, Loan Annex A-B.xlsx",https://nuhs-intranet/Corporate%20Finance%20Office/Shared%20Documents/CFP%20003-02%20Fixed%20Asset%20Transfer%2C%20Loan%20Annex%20A-B.xlsx,2021-07-23 23:36:37
"CFP 003-02 Annex A-B - Fixed Asset Transfer, Loan.xlsx",https://nuhs-intranet/Corporate%20Finance%20Office/Shared%20Documents/CFP%20003-02%20Annex%20A-B%20-%20Fixed%20Asset%20Transfer%2C%20Loan.xlsx,2022-05-27 10:26:34
NUHS_Policy CFP-003-06 (Fixed Assets Donation) 28Jul.pdf,https://nuhs-intranet/Corporate%20Finance%20Office/Shared%20Documents/NUHS_Policy%20CFP-003-06%20%28Fixed%20Assets%20Donation%29%2028Jul.pdf,2022-07-29 23:16:40
NUHS_Policy CFP-003-07 (Fixed Assets Donated by External Party Grant) 28.pdf,https://nuhs-intranet/Corporate%20Finance%20Office/Shared%20Documents/NUHS_Policy%20CFP-003-07%20%28Fixed%20Assets%20Donated%20by%20External%20Party%20Grant%29%2028.pdf,2022-07-29 23:16:42
INTRANET NUHS_Policy CFP-003-03 Final wo minor assets 28Jul.pdf,https://nuhs-intranet/Corporate%20Finance%20Office/Shared%20Documents/INTRANET%20NUHS_Policy%20CFP-003-03%20Final%20wo%20minor%20assets%2028Jul.pdf,2022-07-29 23:16:33
[INTRANET] NUHS_Policy CFP-003-01 Final wo minor assets 28Jul22.pdf,https://nuhs-intranet/Corporate%20Finance%20Office/Shared%20Documents/%5BINTRANET%5D%20NUHS_Policy%20CFP-003-01%20Final%20wo%20minor%20assets%2028Jul22.pdf,2022-07-29 23:16:25
CFP-004_02_Petty Cash Annex A-F_dated01Mar2020 (for upload).xlsx,https://nuhs-intranet/Corporate%20Finance%20Office/Shared%20Documents/CFP-004_02_Petty%20Cash%20Annex%20A-F_dated01Mar2020%20%28for%20upload%29.xlsx,2022-05-05 16:19:59
CFP-006-01_Entertainment and Refreshment_Final 1Mar23.pdf,https://nuhs-intranet/Corporate%20Finance%20Office/Shared%20Documents/CFP-006-01_Entertainment%20and%20Refreshment_Final%201Mar23.pdf,2023-02-28 16:19:24
CFP-008_01_NUHS Group Meta-Data Creation Process Flow_dated28Mar2019.pdf,https://nuhs-intranet/Corporate%20Finance%20Office/Shared%20Documents/CFP-008_01_NUHS%20Group%20Meta-Data%20Creation%20Process%20Flow_dated28Mar2019.pdf,2021-04-07 15:40:36
Budget Justification and Approval to Procure Paper v1.3.docx,https://nuhs-intranet/Corporate%20Finance%20Office/Shared%20Documents/Budget%20Justification%20and%20Approval%20to%20Procure%20Paper%20v1.3.docx,2021-09-29 15:23:15
CFP-002-01_Local Transport_Policy.pdf,https://nuhs-intranet/Corporate%20Finance%20Office/Shared%20Documents/CFP-002-01_Local%20Transport_Policy.pdf,2024-01-08 21:01:20
CFP-003-03 Fixed Assets Periodic Physical Count.pdf,https://nuhs-intranet/Corporate%20Finance%20Office/Shared%20Documents/CFP-003-03%20Fixed%20Assets%20Periodic%20Physical%20Count.pdf,2024-01-08 21:11:53
NUHS Tier 1 Major Incident Escalation (Oct 2021) latest.pdf,https://nuhs-intranet/Corporate%20Finance%20Office/Shared%20Documents/NUHS%20Tier%201%20Major%20Incident%20Escalation%20%28Oct%202021%29%20latest.pdf,2021-11-16 07:55:08
NUHS_Policy CFP-003-03 (Fixed Assets Periodic Physical Count).pdf,https://nuhs-intranet/Corporate%20Finance%20Office/Shared%20Documents/NUHS_Policy%20CFP-003-03%20%28Fixed%20Assets%20Periodic%20Physical%20Count%29.pdf,2021-04-07 15:40:40
NUHS_Policy CFP-003-01 (Capitalisation and Depreciation) wef 1Apr20.pdf,https://nuhs-intranet/Corporate%20Finance%20Office/Shared%20Documents/NUHS_Policy%20CFP-003-01%20%28Capitalisation%20and%20Depreciation%29%20wef%201Apr20.pdf,2021-04-07 15:40:39
CFP-006-01 Entertainment and Refreshment Expenses Policy.pdf,https://nuhs-intranet/Corporate%20Finance%20Office/Shared%20Documents/CFP-006-01%20Entertainment%20and%20Refreshment%20Expenses%20Policy.pdf,2024-01-08 21:11:53
CFP-003-01a Fixed Assets Classification.pdf,https://nuhs-intranet/Corporate%20Finance%20Office/Shared%20Documents/CFP-003-01a%20Fixed%20Assets%20Classification.pdf,2024-01-08 21:11:53
NUHS-TransportPolicyeDM.pdf,https://nuhs-intranet/Corporate%20Finance%20Office/Shared%20Documents/eDMs%20Gallery%20documents/NUHS-TransportPolicyeDM.pdf,2022-09-18 09:00:49
RI-SYS Training Deck - Theory.pdf,https://nuhs-intranet/Corporate%20Finance%20Office/Shared%20Documents/ERM%20and%20Compliance/RI-SYS%20Training%20Deck%20-%20Theory.pdf,2023-11-03 10:00:38
Guide on Crafting a CSA Questionnaire (V1.1) 1.pdf,https://nuhs-intranet/Corporate%20Finance%20Office/Shared%20Documents/ERM%20and%20Compliance/Guide%20on%20Crafting%20a%20CSA%20Questionnaire%20%28V1.1%29%201.pdf,2023-11-03 10:00:36
NUHS Tier 1 Major Incident Escalation (Jul 2023) latest 1.pdf,https://nuhs-intranet/Corporate%20Finance%20Office/Shared%20Documents/ERM%20and%20Compliance/NUHS%20Tier%201%20Major%20Incident%20Escalation%20%28Jul%202023%29%20latest%201.pdf,2023-11-03 10:00:37
NUHS BSC Overview 1.pdf,https://nuhs-intranet/Corporate%20Finance%20Office/Shared%20Documents/ERM%20and%20Compliance/NUHS%20BSC%20Overview%201.pdf,2023-11-03 10:00:35
NUHS CSA Training 1.pdf,https://nuhs-intranet/Corporate%20Finance%20Office/Shared%20Documents/ERM%20and%20Compliance/NUHS%20CSA%20Training%201.pdf,2023-11-03 10:00:36
NUHS ERM Framework_18 Jul 23 (latest) 1.pdf,https://nuhs-intranet/Corporate%20Finance%20Office/Shared%20Documents/ERM%20and%20Compliance/NUHS%20ERM%20Framework_18%20Jul%2023%20%28latest%29%201.pdf,2023-11-03 10:00:37
RI-SYS Training Deck - Technical.pdf,https://nuhs-intranet/Corporate%20Finance%20Office/Shared%20Documents/ERM%20and%20Compliance/RI-SYS%20Training%20Deck%20-%20Technical.pdf,2023-11-03 10:00:40
CSA module List views 1.pdf,https://nuhs-intranet/Corporate%20Finance%20Office/Shared%20Documents/ERM%20and%20Compliance/CSA%20module%20List%20views%201.pdf,2023-11-03 10:00:35
Guidelines for Questionnaire Template 1.pdf,https://nuhs-intranet/Corporate%20Finance%20Office/Shared%20Documents/ERM%20and%20Compliance/Guidelines%20for%20Questionnaire%20Template%201.pdf,2023-11-03 10:00:38
template.dotx,https://nuhs-intranet/Corporate%20Finance%20Office/Shared%20Documents/Forms/template.dotx,2021-04-07 13:39:02
client_LocationBasedDefaults.html,file://alexintranet%40SSL/DavWWWRoot/repo/finance/FinanceDocLib/Forms/client_LocationBasedDefaults.html,2019-09-24 13:24:07
ALEX FA Condemnation or Write-off Approving Matrix_Nov 2022.xlsx,file://alexintranet%40SSL/DavWWWRoot/repo/finance/FinanceDocLib/Resources/Authorised%20Approvers%20for%20Cost%20Centres/ALEX%20FA%20Condemnation%20or%20Write-off%20Approving%20Matrix_Nov%202022.xlsx,2022-11-30 11:55:16
Authorised Approvers for Cost Centres in AH.xlsx,file://alexintranet%40SSL/DavWWWRoot/repo/finance/FinanceDocLib/Resources/Authorised%20Approvers%20for%20Cost%20Centres/Authorised%20Approvers%20for%20Cost%20Centres%20in%20AH.xlsx,2024-01-24 14:40:05
FY24 Budget Kick-off_OPEX and CAPEX Planning.pdf,file://alexintranet%40SSL/DavWWWRoot/repo/finance/FinanceDocLib/Resources/Budget%20Opex%20and%20Capex%20Briefing/FY24%20Budget%20Kick-off_OPEX%20and%20CAPEX%20Planning.pdf,2023-08-17 17:56:20
FY24-26 Budget Kick-off (OpEx and CapEx Planning)-20230816 Recording.mp4,file://alexintranet%40SSL/DavWWWRoot/repo/finance/FinanceDocLib/Resources/Budget%20Opex%20and%20Capex%20Briefing/FY24-26%20Budget%20Kick-off%20%28OpEx%20and%20CapEx%20Planning%29-20230816%20Recording.mp4,2023-08-17 17:58:00
Business Partner (Finance)_Jan2024.xlsx,file://alexintranet%40SSL/DavWWWRoot/repo/finance/FinanceDocLib/Resources/Business%20Partners/Business%20Partner%20%28Finance%29_Jan2024.xlsx,2024-01-02 10:22:39
eSundry Training Slides - Part 1.pdf,file://alexintranet%40SSL/DavWWWRoot/repo/finance/FinanceDocLib/Resources/User%20Guides/eSundry%20Training%20Slides%20-%20Part%201.pdf,2019-02-26 11:57:17
1FSS-FA eForms User Guide (Fixed Assets Transfer & Condemnation) (Sep 2023).pdf,file://alexintranet%40SSL/DavWWWRoot/repo/finance/FinanceDocLib/Resources/User%20Guides/1FSS-FA%20eForms%20User%20Guide%20%28Fixed%20Assets%20Transfer%20%26%20Condemnation%29%20%28Sep%202023%29.pdf,2023-10-10 14:07:38
eSundry Training Slides - Part 2.pdf,file://alexintranet%40SSL/DavWWWRoot/repo/finance/FinanceDocLib/Resources/User%20Guides/eSundry%20Training%20Slides%20-%20Part%202.pdf,2019-02-26 11:57:38
Skelta User Guide (Fixed Assets Transfer & Condemnation).pptx,file://alexintranet%40SSL/DavWWWRoot/repo/finance/FinanceDocLib/Resources/User%20Guides/Skelta%20User%20Guide%20%28Fixed%20Assets%20Transfer%20%26%20Condemnation%29.pptx,2018-05-22 17:55:49
ePay User Guide.pdf,file://alexintranet%40SSL/DavWWWRoot/repo/finance/FinanceDocLib/Resources/User%20Guides/ePay%20User%20Guide.pdf,2017-08-18 17:43:35
ePay Training Slides.pdf,file://alexintranet%40SSL/DavWWWRoot/repo/finance/FinanceDocLib/Resources/User%20Guides/ePay%20Training%20Slides.pdf,2019-08-30 09:44:46
eSDMF Training Slides.pdf,file://alexintranet%40SSL/DavWWWRoot/repo/finance/FinanceDocLib/Resources/User%20Guides/eSDMF%20Training%20Slides.pdf,2019-09-10 14:17:12
Chart of Accounts (GL Account Definition).xlsx,file://alexintranet%40SSL/DavWWWRoot/repo/finance/FinanceDocLib/Resources/Others/Chart%20of%20Accounts%20%28GL%20Account%20Definition%29.xlsx,2023-09-19 17:26:37
HIC List for Alex_Mar 2023.xlsx,file://alexintranet%40SSL/DavWWWRoot/repo/finance/FinanceDocLib/Resources/Others/HIC%20List%20for%20Alex_Mar%202023.xlsx,2023-05-23 22:59:49
ALEX-HAP-FBO-004 MEDICAL BENEFITS OF CIVIL SERVICE CONCESSION R1.docx,file://alexintranet%40SSL/DavWWWRoot/repo/finance/FinanceDocLib/HAP%20SOP%20FORM%20%28ORM%29/HAP/ALEX-HAP-FBO-004%20MEDICAL%20BENEFITS%20OF%20CIVIL%20SERVICE%20CONCESSION%20R1.docx,2023-11-30 21:56:14
ALEX-HAP-FBO-002 MEDICAL BENEFITS FOR SINGAPORE BLOOD TRANSFUSION SERVICE R1.docx,file://alexintranet%40SSL/DavWWWRoot/repo/finance/FinanceDocLib/HAP%20SOP%20FORM%20%28ORM%29/HAP/ALEX-HAP-FBO-002%20MEDICAL%20BENEFITS%20FOR%20SINGAPORE%20BLOOD%20TRANSFUSION%20SERVICE%20R1.docx,2023-11-30 21:55:00
ALEX-HAP-FBO-001 DOWNGRADING POLICY R1.docx,file://alexintranet%40SSL/DavWWWRoot/repo/finance/FinanceDocLib/HAP%20SOP%20FORM%20%28ORM%29/HAP/ALEX-HAP-FBO-001%20DOWNGRADING%20POLICY%20R1.docx,2023-11-30 21:55:54
ALEX-HAP-FBO-008 ORGAN RECIPIENT PAYING FOR DONORâ€™S HOSPITAL BILL R1.docx,file://alexintranet%40SSL/DavWWWRoot/repo/finance/FinanceDocLib/HAP%20SOP%20FORM%20%28ORM%29/HAP/ALEX-HAP-FBO-008%20ORGAN%20RECIPIENT%20PAYING%20FOR%20DONOR%E2%80%99S%20HOSPITAL%20BILL%20R1.docx,2023-11-30 21:56:42
ALEX-SOP-FBO-020 INPATIENT BILLING FOR INTER-HOSPITAL CHARGES R1.docx,file://alexintranet%40SSL/DavWWWRoot/repo/finance/FinanceDocLib/HAP%20SOP%20FORM%20%28ORM%29/SOP/Business%20Office/ALEX-SOP-FBO-020%20INPATIENT%20BILLING%20FOR%20INTER-HOSPITAL%20CHARGES%20R1.docx,2023-12-01 16:36:01
ALEX-SOP-FBO-013 MANAGEMENT OF WRITTEN AND VERBAL FEEDBACK.docx,file://alexintranet%40SSL/DavWWWRoot/repo/finance/FinanceDocLib/HAP%20SOP%20FORM%20%28ORM%29/SOP/Business%20Office/ALEX-SOP-FBO-013%20MANAGEMENT%20OF%20WRITTEN%20AND%20VERBAL%20FEEDBACK.docx,2023-08-14 15:23:12
ALEX-SOP-FBO-012 INSTALLMENT DEBT FOLLOW-UP.docx,file://alexintranet%40SSL/DavWWWRoot/repo/finance/FinanceDocLib/HAP%20SOP%20FORM%20%28ORM%29/SOP/Business%20Office/ALEX-SOP-FBO-012%20INSTALLMENT%20DEBT%20FOLLOW-UP.docx,2023-08-14 15:23:11
ALEX-SOP-FBO-001 REQUEST FOR BILL AMENDMENT R1.docx,file://alexintranet%40SSL/DavWWWRoot/repo/finance/FinanceDocLib/HAP%20SOP%20FORM%20%28ORM%29/SOP/Business%20Office/ALEX-SOP-FBO-001%20REQUEST%20FOR%20BILL%20AMENDMENT%20R1.docx,2023-07-24 11:23:58
ALEX-SOP-FBO-028 BAD DEBTS WRITE OFF.docx,file://alexintranet%40SSL/DavWWWRoot/repo/finance/FinanceDocLib/HAP%20SOP%20FORM%20%28ORM%29/SOP/Business%20Office/ALEX-SOP-FBO-028%20BAD%20DEBTS%20WRITE%20OFF.docx,2023-08-14 15:23:12
ALEX-SOP-FBO-014 APPROVAL OF LETTER OF GUARANTEE.docx,file://alexintranet%40SSL/DavWWWRoot/repo/finance/FinanceDocLib/HAP%20SOP%20FORM%20%28ORM%29/SOP/Business%20Office/ALEX-SOP-FBO-014%20APPROVAL%20OF%20LETTER%20OF%20GUARANTEE.docx,2023-08-14 15:23:12
ALEX-SOP-FBO-003 VIP BILLING R1.docx,file://alexintranet%40SSL/DavWWWRoot/repo/finance/FinanceDocLib/HAP%20SOP%20FORM%20%28ORM%29/SOP/Business%20Office/ALEX-SOP-FBO-003%20VIP%20BILLING%20R1.docx,2023-07-24 11:33:57
ALEX-SOP-FBO-016 STAFF MEDICAL BILLS R1.docx,file://alexintranet%40SSL/DavWWWRoot/repo/finance/FinanceDocLib/HAP%20SOP%20FORM%20%28ORM%29/SOP/Business%20Office/ALEX-SOP-FBO-016%20STAFF%20MEDICAL%20BILLS%20R1.docx,2023-07-28 17:21:02
ALEX-SOP-FIN-005 Review Of Service Master R0.docx,file://alexintranet%40SSL/DavWWWRoot/repo/finance/FinanceDocLib/HAP%20SOP%20FORM%20%28ORM%29/SOP/Finance/ALEX-SOP-FIN-005%20Review%20Of%20Service%20Master%20R0.docx,2023-12-06 16:43:54
ALEX-SOP-FIN-001 Raising eSDMF R2.docx,file://alexintranet%40SSL/DavWWWRoot/repo/finance/FinanceDocLib/HAP%20SOP%20FORM%20%28ORM%29/SOP/Finance/ALEX-SOP-FIN-001%20Raising%20eSDMF%20R2.docx,2023-12-06 16:43:53
ALEX-SOP-FIN-002 Charge Reconciliation  Recovery R1.docx,file://alexintranet%40SSL/DavWWWRoot/repo/finance/FinanceDocLib/HAP%20SOP%20FORM%20%28ORM%29/SOP/Finance/ALEX-SOP-FIN-002%20Charge%20Reconciliation%20%20Recovery%20R1.docx,2023-12-06 16:43:54
ALEX-FORM-FIN-02 Approving Authority Form R3.pdf,file://alexintranet%40SSL/DavWWWRoot/repo/finance/FinanceDocLib/HAP%20SOP%20FORM%20%28ORM%29/FORM/Finance%20Form/ALEX-FORM-FIN-02%20Approving%20Authority%20Form%20R3.pdf,2023-10-26 16:31:06
ALEX-FORM-FIN-FIN-001 Cost Centre Request Form R4.pdf,file://alexintranet%40SSL/DavWWWRoot/repo/finance/FinanceDocLib/HAP%20SOP%20FORM%20%28ORM%29/FORM/Finance%20Form/ALEX-FORM-FIN-FIN-001%20Cost%20Centre%20Request%20Form%20R4.pdf,2023-10-26 16:30:56
ALEX-FORM-FIN-FIN-006 Payment Request Form (Cash Float) R1.pdf,file://alexintranet%40SSL/DavWWWRoot/repo/finance/FinanceDocLib/HAP%20SOP%20FORM%20%28ORM%29/FORM/Finance%20Form/ALEX-FORM-FIN-FIN-006%20Payment%20Request%20Form%20%28Cash%20Float%29%20R1.pdf,2023-10-26 16:30:56
ALEX-FORM-FIN-FIN-004 Internal Approval Memo Template R1.pdf,file://alexintranet%40SSL/DavWWWRoot/repo/finance/FinanceDocLib/HAP%20SOP%20FORM%20%28ORM%29/FORM/Finance%20Form/ALEX-FORM-FIN-FIN-004%20Internal%20Approval%20Memo%20Template%20R1.pdf,2023-10-26 16:30:56
ALEX-BO-FORM-BO-23 Upgrading Form R2.pdf,file://alexintranet%40SSL/DavWWWRoot/repo/finance/FinanceDocLib/HAP%20SOP%20FORM%20%28ORM%29/FORM/Business%20Office%20Form/ALEX-BO-FORM-BO-23%20Upgrading%20Form%20R2.pdf,2023-01-05 11:34:11
ALEX-BO-FORM-BO-29 Doctors Certification Memo For Unfit Patient To Sign The Medical Claims Authorisation Form R0.pdf,file://alexintranet%40SSL/DavWWWRoot/repo/finance/FinanceDocLib/HAP%20SOP%20FORM%20%28ORM%29/FORM/Business%20Office%20Form/ALEX-BO-FORM-BO-29%20Doctors%20Certification%20Memo%20For%20Unfit%20Patient%20To%20Sign%20The%20Medical%20Claims%20Authorisation%20Form%20R0.pdf,2023-01-05 11:34:13
ALEX-BO-FORM-BO-33 Refund Authorization Form (Credit Card Refund Only) R1.pdf,file://alexintranet%40SSL/DavWWWRoot/repo/finance/FinanceDocLib/HAP%20SOP%20FORM%20%28ORM%29/FORM/Business%20Office%20Form/ALEX-BO-FORM-BO-33%20Refund%20Authorization%20Form%20%28Credit%20Card%20Refund%20Only%29%20R1.pdf,2022-11-23 18:02:54
ALEX-BO-FORM-BO-05 Downgrading Form R0.pdf,file://alexintranet%40SSL/DavWWWRoot/repo/finance/FinanceDocLib/HAP%20SOP%20FORM%20%28ORM%29/FORM/Business%20Office%20Form/ALEX-BO-FORM-BO-05%20Downgrading%20Form%20R0.pdf,2023-01-05 11:34:08
ALEX-BO-FORM-BO-24 Application For Use Of Non-Immediate Family Members Medisave Accounts R1.pdf,file://alexintranet%40SSL/DavWWWRoot/repo/finance/FinanceDocLib/HAP%20SOP%20FORM%20%28ORM%29/FORM/Business%20Office%20Form/ALEX-BO-FORM-BO-24%20Application%20For%20Use%20Of%20Non-Immediate%20Family%20Members%20Medisave%20Accounts%20R1.pdf,2022-11-23 18:00:56
ALEX-BO-FORM-BO-27 Letter Of Undertaking For Downgrading Request R2.pdf,file://alexintranet%40SSL/DavWWWRoot/repo/finance/FinanceDocLib/HAP%20SOP%20FORM%20%28ORM%29/FORM/Business%20Office%20Form/ALEX-BO-FORM-BO-27%20Letter%20Of%20Undertaking%20For%20Downgrading%20Request%20R2.pdf,2023-01-05 11:34:13
ALEX-BO-FORM-BO-30 Certification Memo For Unfit Patient To Sign Medical Claims Authorisation Form R0.pdf,file://alexintranet%40SSL/DavWWWRoot/repo/finance/FinanceDocLib/HAP%20SOP%20FORM%20%28ORM%29/FORM/Business%20Office%20Form/ALEX-BO-FORM-BO-30%20Certification%20Memo%20For%20Unfit%20Patient%20To%20Sign%20Medical%20Claims%20Authorisation%20Form%20R0.pdf,2023-01-05 11:34:15
ALEX-BO-FORM-BO-22 Facsimile Transmittal Sheet R0.pdf,file://alexintranet%40SSL/DavWWWRoot/repo/finance/FinanceDocLib/HAP%20SOP%20FORM%20%28ORM%29/FORM/Business%20Office%20Form/ALEX-BO-FORM-BO-22%20Facsimile%20Transmittal%20Sheet%20R0.pdf,2023-01-05 11:34:11
ALEX-BO-FORM-BO-20 Social Over Stayer Form R0.pdf,file://alexintranet%40SSL/DavWWWRoot/repo/finance/FinanceDocLib/HAP%20SOP%20FORM%20%28ORM%29/FORM/Business%20Office%20Form/ALEX-BO-FORM-BO-20%20Social%20Over%20Stayer%20Form%20R0.pdf,2023-01-05 11:34:11
ALEX-BO-FORM-BO-03 Doctors Certification Memo for Unfit Patient to Sign the Mean Test Consent (Mean testing) R0.pdf,file://alexintranet%40SSL/DavWWWRoot/repo/finance/FinanceDocLib/HAP%20SOP%20FORM%20%28ORM%29/FORM/Business%20Office%20Form/ALEX-BO-FORM-BO-03%20Doctors%20Certification%20Memo%20for%20Unfit%20Patient%20to%20Sign%20the%20Mean%20Test%20Consent%20%28Mean%20testing%29%20R0.pdf,2022-11-23 17:58:55
ALEX-BO-FORM-BO-32 Acknowledgement Of Cash Cheque Refund R0.pdf,file://alexintranet%40SSL/DavWWWRoot/repo/finance/FinanceDocLib/HAP%20SOP%20FORM%20%28ORM%29/FORM/Business%20Office%20Form/ALEX-BO-FORM-BO-32%20Acknowledgement%20Of%20Cash%20Cheque%20Refund%20R0.pdf,2023-01-05 11:34:15
ALEX-BO-FORM-BO-07 Financial Assessment Form R1.pdf,file://alexintranet%40SSL/DavWWWRoot/repo/finance/FinanceDocLib/HAP%20SOP%20FORM%20%28ORM%29/FORM/Business%20Office%20Form/ALEX-BO-FORM-BO-07%20Financial%20Assessment%20Form%20R1.pdf,2023-01-05 11:34:08
ALEX-BO-FORM-BO-02 Letter Of Authorisation For Credit Card Payment R0.pdf,file://alexintranet%40SSL/DavWWWRoot/repo/finance/FinanceDocLib/HAP%20SOP%20FORM%20%28ORM%29/FORM/Business%20Office%20Form/ALEX-BO-FORM-BO-02%20Letter%20Of%20Authorisation%20For%20Credit%20Card%20Payment%20R0.pdf,2023-01-05 11:34:08
ALEX-BO-FORM-BO-28 Checklist Form For Payment Discrepancies R0.pdf,file://alexintranet%40SSL/DavWWWRoot/repo/finance/FinanceDocLib/HAP%20SOP%20FORM%20%28ORM%29/FORM/Business%20Office%20Form/ALEX-BO-FORM-BO-28%20Checklist%20Form%20For%20Payment%20Discrepancies%20R0.pdf,2023-01-05 11:34:13
ALEX-BO-FORM-BO-34 Acknowledgement of Cash Refund R0.pdf,file://alexintranet%40SSL/DavWWWRoot/repo/finance/FinanceDocLib/HAP%20SOP%20FORM%20%28ORM%29/FORM/Business%20Office%20Form/ALEX-BO-FORM-BO-34%20Acknowledgement%20of%20Cash%20Refund%20R0.pdf,2023-01-05 11:34:15
ALEX-BO-FORM-BO-19 Refund Authorization Form R1.pdf,file://alexintranet%40SSL/DavWWWRoot/repo/finance/FinanceDocLib/HAP%20SOP%20FORM%20%28ORM%29/FORM/Business%20Office%20Form/ALEX-BO-FORM-BO-19%20Refund%20Authorization%20Form%20R1.pdf,2023-01-05 11:34:09
Dr Movement Template.xlsx,file://alexintranet%40SSL/DavWWWRoot/repo/finance/FinanceDocLib/Fin%20Forms%20%26%20Templates/Dr%20Movement%20Template/Dr%20Movement%20Template.xlsx,2022-06-23 13:13:52
FY24-26 Capex Budget Template.xlsx,file://alexintranet%40SSL/DavWWWRoot/repo/finance/FinanceDocLib/Fin%20Forms%20%26%20Templates/Budget%20Templates/FY24-26%20Capex%20Budget%20Template.xlsx,2023-08-28 11:36:25
FY24-26 Opex Budget Template.xlsx,file://alexintranet%40SSL/DavWWWRoot/repo/finance/FinanceDocLib/Fin%20Forms%20%26%20Templates/Budget%20Templates/FY24-26%20Opex%20Budget%20Template.xlsx,2023-08-28 12:06:09
FAQ_OPEX and CAPEX Budget Template_FY24 (16th Aug).pdf,file://alexintranet%40SSL/DavWWWRoot/repo/finance/FinanceDocLib/Fin%20Forms%20%26%20Templates/Budget%20Templates/FAQ_OPEX%20and%20CAPEX%20Budget%20Template_FY24%20%2816th%20Aug%29.pdf,2023-08-16 18:28:26
Financial Assessment template.xls,file://alexintranet%40SSL/DavWWWRoot/repo/finance/FinanceDocLib/Fin%20Forms%20%26%20Templates/Financial%20Assessment%20%28NPV%29/Financial%20Assessment%20template.xls,2023-05-10 16:10:49
Appendix Checklist for CapEx less than $100K.xls,file://alexintranet%40SSL/DavWWWRoot/repo/finance/FinanceDocLib/Fin%20Forms%20%26%20Templates/Financial%20Assessment%20%28NPV%29/Appendix%20Checklist%20for%20CapEx%20less%20than%20%24100K.xls,2023-05-10 16:10:49
FY23 Costing Template v1.2.xlsm,file://alexintranet%40SSL/DavWWWRoot/repo/finance/FinanceDocLib/Fin%20Forms%20%26%20Templates/Costing%20Template/FY23%20Costing%20Template%20v1.2.xlsm,2023-11-10 09:25:26
ALEX-BO-FORM-BO-21 Statutory Declaration.doc,file://alexintranet%40SSL/DavWWWRoot/repo/finance/FinanceDocLib/Fin%20Forms%20%26%20Templates/Third%20Party%20Forms/ALEX-BO-FORM-BO-21%20Statutory%20Declaration.doc,2022-06-27 13:38:40
ALEX-BO-FORM-BO-12  Revocation MCAF-S.pdf,file://alexintranet%40SSL/DavWWWRoot/repo/finance/FinanceDocLib/Fin%20Forms%20%26%20Templates/Third%20Party%20Forms/ALEX-BO-FORM-BO-12%20%20Revocation%20MCAF-S.pdf,2022-08-08 18:00:25
ALEX-BO-FORM-BO-09 LOG (personal).doc,file://alexintranet%40SSL/DavWWWRoot/repo/finance/FinanceDocLib/Fin%20Forms%20%26%20Templates/Third%20Party%20Forms/ALEX-BO-FORM-BO-09%20LOG%20%28personal%29.doc,2022-08-08 17:59:57
ALEX-FORM-BO-10 MCAF-S.pdf,file://alexintranet%40SSL/DavWWWRoot/repo/finance/FinanceDocLib/Fin%20Forms%20%26%20Templates/Third%20Party%20Forms/ALEX-FORM-BO-10%20MCAF-S.pdf,2024-01-11 18:54:00
ALEX-BO-FORM-BO-01 BTS Facsimile Transmittal Sheet.pdf,file://alexintranet%40SSL/DavWWWRoot/repo/finance/FinanceDocLib/Fin%20Forms%20%26%20Templates/Third%20Party%20Forms/ALEX-BO-FORM-BO-01%20BTS%20Facsimile%20Transmittal%20Sheet.pdf,2022-06-27 13:38:25
ALEX-BO-FORM-BO-08 LOG (corporate).doc,file://alexintranet%40SSL/DavWWWRoot/repo/finance/FinanceDocLib/Fin%20Forms%20%26%20Templates/Third%20Party%20Forms/ALEX-BO-FORM-BO-08%20LOG%20%28corporate%29.doc,2022-06-28 17:03:01
ALEX-FORM-BO-11 MCAF-M.pdf,file://alexintranet%40SSL/DavWWWRoot/repo/finance/FinanceDocLib/Fin%20Forms%20%26%20Templates/Third%20Party%20Forms/ALEX-FORM-BO-11%20MCAF-M.pdf,2024-01-11 18:54:00
ALEX-FORM-FIN-FIN-007 Inter-Department & Internal Charges Request Form.xlsx,file://alexintranet%40SSL/DavWWWRoot/repo/finance/FinanceDocLib/Fin%20Forms%20%26%20Templates/Third%20Party%20Forms/ALEX-FORM-FIN-FIN-007%20Inter-Department%20%26%20Internal%20Charges%20Request%20Form.xlsx,2022-11-02 09:32:18
ALEX-BO-FORM-BO-18 MSV beyond withdrawal limits.pdf,file://alexintranet%40SSL/DavWWWRoot/repo/finance/FinanceDocLib/Fin%20Forms%20%26%20Templates/Third%20Party%20Forms/ALEX-BO-FORM-BO-18%20MSV%20beyond%20withdrawal%20limits.pdf,2022-08-08 18:01:07
ALEX-BO-FORM-BO-16 NEFR (Global Consent).pdf,file://alexintranet%40SSL/DavWWWRoot/repo/finance/FinanceDocLib/Fin%20Forms%20%26%20Templates/Third%20Party%20Forms/ALEX-BO-FORM-BO-16%20NEFR%20%28Global%20Consent%29.pdf,2022-08-08 18:01:07
ALEX-FORM-BO-13  Revocation MCAF-M.pdf,file://alexintranet%40SSL/DavWWWRoot/repo/finance/FinanceDocLib/Fin%20Forms%20%26%20Templates/Third%20Party%20Forms/ALEX-FORM-BO-13%20%20Revocation%20MCAF-M.pdf,2024-01-11 14:30:00
FY17 Audit Reports (with Finance items).docx,file://alexintranet%40SSL/DavWWWRoot/repo/finance/FinanceDocLib/Reports/MOHH%20GIA%20Reports/FY17%20Audit%20Reports%20%28with%20Finance%20items%29.docx,2019-10-30 12:03:35
FY18 Audit Reports (with Finance items).docx,file://alexintranet%40SSL/DavWWWRoot/repo/finance/FinanceDocLib/Reports/MOHH%20GIA%20Reports/FY18%20Audit%20Reports%20%28with%20Finance%20items%29.docx,2019-10-30 12:03:35
FY22 Approved Workload Budget.xlsx,file://alexintranet%40SSL/DavWWWRoot/repo/finance/FinanceDocLib/Reports/Workload%20Budget/FY22%20Approved%20Workload%20Budget.xlsx,2022-04-25 15:01:09
FY21 Approved Workload Budget.xlsx,file://alexintranet%40SSL/DavWWWRoot/repo/finance/FinanceDocLib/Reports/Workload%20Budget/FY21%20Approved%20Workload%20Budget.xlsx,2021-04-26 19:21:28
LX2 Alex Service Centre Reports - June 2019.xlsx,file://alexintranet%40SSL/DavWWWRoot/repo/finance/FinanceDocLib/Reports/Cost%20Centre%20Reports/LX2%20Alex%20Service%20Centre%20Reports%20-%20June%202019.xlsx,2019-10-30 12:00:07
LX3 Alex Support Centre Reports - September 2019.xlsx,file://alexintranet%40SSL/DavWWWRoot/repo/finance/FinanceDocLib/Reports/Cost%20Centre%20Reports/LX3%20Alex%20Support%20Centre%20Reports%20-%20September%202019.xlsx,2019-10-14 16:53:33
LX3 Alex Support Centre Reports - July 2019.xlsx,file://alexintranet%40SSL/DavWWWRoot/repo/finance/FinanceDocLib/Reports/Cost%20Centre%20Reports/LX3%20Alex%20Support%20Centre%20Reports%20-%20July%202019.xlsx,2019-10-30 12:01:35
LX2 Alex Service Centre Reports - October 2019.xlsx,file://alexintranet%40SSL/DavWWWRoot/repo/finance/FinanceDocLib/Reports/Cost%20Centre%20Reports/LX2%20Alex%20Service%20Centre%20Reports%20-%20October%202019.xlsx,2019-11-15 13:10:26
LX2 Service Cost Centre Reports - November 2019.xlsx,file://alexintranet%40SSL/DavWWWRoot/repo/finance/FinanceDocLib/Reports/Cost%20Centre%20Reports/LX2%20Service%20Cost%20Centre%20Reports%20-%20November%202019.xlsx,2019-12-05 17:54:41
LX2 Alex Service Centre Reports - July 2019.xlsx,file://alexintranet%40SSL/DavWWWRoot/repo/finance/FinanceDocLib/Reports/Cost%20Centre%20Reports/LX2%20Alex%20Service%20Centre%20Reports%20-%20July%202019.xlsx,2019-10-30 12:00:07
LX2 Alex Service Centre Reports - September 2019.xlsx,file://alexintranet%40SSL/DavWWWRoot/repo/finance/FinanceDocLib/Reports/Cost%20Centre%20Reports/LX2%20Alex%20Service%20Centre%20Reports%20-%20September%202019.xlsx,2019-10-30 12:02:05
LX3 Alex Support Centre Reports - August 2019.xlsx,file://alexintranet%40SSL/DavWWWRoot/repo/finance/FinanceDocLib/Reports/Cost%20Centre%20Reports/LX3%20Alex%20Support%20Centre%20Reports%20-%20August%202019.xlsx,2019-10-30 12:01:08
LX3 Alex Support Centre Reports - October 2019.xlsx,file://alexintranet%40SSL/DavWWWRoot/repo/finance/FinanceDocLib/Reports/Cost%20Centre%20Reports/LX3%20Alex%20Support%20Centre%20Reports%20-%20October%202019.xlsx,2019-11-15 17:37:12
LX3 Alex Support Centre Reports - June 2019.xlsx,file://alexintranet%40SSL/DavWWWRoot/repo/finance/FinanceDocLib/Reports/Cost%20Centre%20Reports/LX3%20Alex%20Support%20Centre%20Reports%20-%20June%202019.xlsx,2019-10-30 12:02:05
LX2 Alex Service Centre Reports - August 2019.xlsx,file://alexintranet%40SSL/DavWWWRoot/repo/finance/FinanceDocLib/Reports/Cost%20Centre%20Reports/LX2%20Alex%20Service%20Centre%20Reports%20-%20August%202019.xlsx,2019-10-30 12:00:06
LX3 Support Cost Centre Reports - November 2019.xlsx,file://alexintranet%40SSL/DavWWWRoot/repo/finance/FinanceDocLib/Reports/Cost%20Centre%20Reports/LX3%20Support%20Cost%20Centre%20Reports%20-%20November%202019.xlsx,2019-12-06 12:36:02
02. Fixed Asset Listing (31.05.19).xlsx,file://alexintranet%40SSL/DavWWWRoot/repo/finance/FinanceDocLib/Reports/Fixed%20Asset%20Registers/FY%202019%20Fixed%20Asset%20Listing/02.%20Fixed%20Asset%20Listing%20%2831.05.19%29.xlsx,2020-02-14 09:53:56
12. Fixed Asset Listing (31.03.20).xlsx,file://alexintranet%40SSL/DavWWWRoot/repo/finance/FinanceDocLib/Reports/Fixed%20Asset%20Registers/FY%202019%20Fixed%20Asset%20Listing/12.%20Fixed%20Asset%20Listing%20%2831.03.20%29.xlsx,2020-04-28 15:43:06
05. Fixed Asset Listing (31.08.19).xlsx,file://alexintranet%40SSL/DavWWWRoot/repo/finance/FinanceDocLib/Reports/Fixed%20Asset%20Registers/FY%202019%20Fixed%20Asset%20Listing/05.%20Fixed%20Asset%20Listing%20%2831.08.19%29.xlsx,2020-02-14 09:54:35
09. Fixed Asset Listing (31.12.19).xlsx,file://alexintranet%40SSL/DavWWWRoot/repo/finance/FinanceDocLib/Reports/Fixed%20Asset%20Registers/FY%202019%20Fixed%20Asset%20Listing/09.%20Fixed%20Asset%20Listing%20%2831.12.19%29.xlsx,2020-02-14 09:55:31
11. Fixed Asset Listing (29.02.20).xlsx,file://alexintranet%40SSL/DavWWWRoot/repo/finance/FinanceDocLib/Reports/Fixed%20Asset%20Registers/FY%202019%20Fixed%20Asset%20Listing/11.%20Fixed%20Asset%20Listing%20%2829.02.20%29.xlsx,2020-03-13 18:10:58
07. Fixed Asset Listing (31.10.19).xlsx,file://alexintranet%40SSL/DavWWWRoot/repo/finance/FinanceDocLib/Reports/Fixed%20Asset%20Registers/FY%202019%20Fixed%20Asset%20Listing/07.%20Fixed%20Asset%20Listing%20%2831.10.19%29.xlsx,2020-02-14 09:55:03
08. Fixed Asset Listing (30.11.19).xlsx,file://alexintranet%40SSL/DavWWWRoot/repo/finance/FinanceDocLib/Reports/Fixed%20Asset%20Registers/FY%202019%20Fixed%20Asset%20Listing/08.%20Fixed%20Asset%20Listing%20%2830.11.19%29.xlsx,2020-02-14 09:55:15
03. Fixed Asset Listing (30.06.19).xlsx,file://alexintranet%40SSL/DavWWWRoot/repo/finance/FinanceDocLib/Reports/Fixed%20Asset%20Registers/FY%202019%20Fixed%20Asset%20Listing/03.%20Fixed%20Asset%20Listing%20%2830.06.19%29.xlsx,2020-02-14 09:54:09
01. Fixed Asset Listing (30.04.19).xlsx,file://alexintranet%40SSL/DavWWWRoot/repo/finance/FinanceDocLib/Reports/Fixed%20Asset%20Registers/FY%202019%20Fixed%20Asset%20Listing/01.%20Fixed%20Asset%20Listing%20%2830.04.19%29.xlsx,2020-02-14 09:53:42
10. Fixed Asset Listing (31.01.20).xlsx,file://alexintranet%40SSL/DavWWWRoot/repo/finance/FinanceDocLib/Reports/Fixed%20Asset%20Registers/FY%202019%20Fixed%20Asset%20Listing/10.%20Fixed%20Asset%20Listing%20%2831.01.20%29.xlsx,2020-02-14 09:55:43
06. Fixed Asset Listing (30.09.19).xlsx,file://alexintranet%40SSL/DavWWWRoot/repo/finance/FinanceDocLib/Reports/Fixed%20Asset%20Registers/FY%202019%20Fixed%20Asset%20Listing/06.%20Fixed%20Asset%20Listing%20%2830.09.19%29.xlsx,2020-02-14 09:54:51
04. Fixed Asset Listing (31.07.19).xlsx,file://alexintranet%40SSL/DavWWWRoot/repo/finance/FinanceDocLib/Reports/Fixed%20Asset%20Registers/FY%202019%20Fixed%20Asset%20Listing/04.%20Fixed%20Asset%20Listing%20%2831.07.19%29.xlsx,2020-02-14 09:54:21
03. Fixed Asset Listing (30.06.21).xlsx,file://alexintranet%40SSL/DavWWWRoot/repo/finance/FinanceDocLib/Reports/Fixed%20Asset%20Registers/FY%202021%20Fixed%20Asset%20Listing/03.%20Fixed%20Asset%20Listing%20%2830.06.21%29.xlsx,2021-08-24 23:04:16
10. Fixed Asset Listing (31.01.22).xlsx,file://alexintranet%40SSL/DavWWWRoot/repo/finance/FinanceDocLib/Reports/Fixed%20Asset%20Registers/FY%202021%20Fixed%20Asset%20Listing/10.%20Fixed%20Asset%20Listing%20%2831.01.22%29.xlsx,2022-02-10 17:03:52
09. Fixed Asset Listing (31.12.21).xlsx,file://alexintranet%40SSL/DavWWWRoot/repo/finance/FinanceDocLib/Reports/Fixed%20Asset%20Registers/FY%202021%20Fixed%20Asset%20Listing/09.%20Fixed%20Asset%20Listing%20%2831.12.21%29.xlsx,2022-01-11 16:06:07
07. Fixed Asset Listing (31.10.21).xlsx,file://alexintranet%40SSL/DavWWWRoot/repo/finance/FinanceDocLib/Reports/Fixed%20Asset%20Registers/FY%202021%20Fixed%20Asset%20Listing/07.%20Fixed%20Asset%20Listing%20%2831.10.21%29.xlsx,2021-12-01 16:28:52
02. Fixed Asset Listing (31.05.21).xlsx,file://alexintranet%40SSL/DavWWWRoot/repo/finance/FinanceDocLib/Reports/Fixed%20Asset%20Registers/FY%202021%20Fixed%20Asset%20Listing/02.%20Fixed%20Asset%20Listing%20%2831.05.21%29.xlsx,2021-06-16 00:36:54
08. Fixed Asset Listing (30.11.21).xlsx,file://alexintranet%40SSL/DavWWWRoot/repo/finance/FinanceDocLib/Reports/Fixed%20Asset%20Registers/FY%202021%20Fixed%20Asset%20Listing/08.%20Fixed%20Asset%20Listing%20%2830.11.21%29.xlsx,2021-12-27 11:59:05
04. Fixed Asset Listing (31.07.21).xlsx,file://alexintranet%40SSL/DavWWWRoot/repo/finance/FinanceDocLib/Reports/Fixed%20Asset%20Registers/FY%202021%20Fixed%20Asset%20Listing/04.%20Fixed%20Asset%20Listing%20%2831.07.21%29.xlsx,2021-08-25 15:55:19
11. Fixed Asset Listing (28.02.22).xlsx,file://alexintranet%40SSL/DavWWWRoot/repo/finance/FinanceDocLib/Reports/Fixed%20Asset%20Registers/FY%202021%20Fixed%20Asset%20Listing/11.%20Fixed%20Asset%20Listing%20%2828.02.22%29.xlsx,2022-03-09 15:29:57
05. Fixed Asset Listing (31.08.21).xlsx,file://alexintranet%40SSL/DavWWWRoot/repo/finance/FinanceDocLib/Reports/Fixed%20Asset%20Registers/FY%202021%20Fixed%20Asset%20Listing/05.%20Fixed%20Asset%20Listing%20%2831.08.21%29.xlsx,2021-09-20 22:26:08
12. Fixed Asset Listing (31.03.22).xlsx,file://alexintranet%40SSL/DavWWWRoot/repo/finance/FinanceDocLib/Reports/Fixed%20Asset%20Registers/FY%202021%20Fixed%20Asset%20Listing/12.%20Fixed%20Asset%20Listing%20%2831.03.22%29.xlsx,2022-04-19 10:28:15
01. Fixed Asset Listing (30.04.21).xlsx,file://alexintranet%40SSL/DavWWWRoot/repo/finance/FinanceDocLib/Reports/Fixed%20Asset%20Registers/FY%202021%20Fixed%20Asset%20Listing/01.%20Fixed%20Asset%20Listing%20%2830.04.21%29.xlsx,2021-06-06 23:05:54
06. Fixed Asset Listing (30.09.21).xlsx,file://alexintranet%40SSL/DavWWWRoot/repo/finance/FinanceDocLib/Reports/Fixed%20Asset%20Registers/FY%202021%20Fixed%20Asset%20Listing/06.%20Fixed%20Asset%20Listing%20%2830.09.21%29.xlsx,2021-10-25 22:08:54
08. Fixed Asset Listing (30.11.23).xlsx,file://alexintranet%40SSL/DavWWWRoot/repo/finance/FinanceDocLib/Reports/Fixed%20Asset%20Registers/FY%202023%20Fixed%20Asset%20Listing/08.%20Fixed%20Asset%20Listing%20%2830.11.23%29.xlsx,2023-12-08 14:28:52
05. Fixed Asset Listing (31.08.23).xlsx,file://alexintranet%40SSL/DavWWWRoot/repo/finance/FinanceDocLib/Reports/Fixed%20Asset%20Registers/FY%202023%20Fixed%20Asset%20Listing/05.%20Fixed%20Asset%20Listing%20%2831.08.23%29.xlsx,2023-10-09 14:15:14
06. Fixed Asset Listing (30.09.23).xlsx,file://alexintranet%40SSL/DavWWWRoot/repo/finance/FinanceDocLib/Reports/Fixed%20Asset%20Registers/FY%202023%20Fixed%20Asset%20Listing/06.%20Fixed%20Asset%20Listing%20%2830.09.23%29.xlsx,2023-10-09 14:15:30
03. Fixed Asset Listing (30.06.23).xlsx,file://alexintranet%40SSL/DavWWWRoot/repo/finance/FinanceDocLib/Reports/Fixed%20Asset%20Registers/FY%202023%20Fixed%20Asset%20Listing/03.%20Fixed%20Asset%20Listing%20%2830.06.23%29.xlsx,2023-07-10 13:48:08
09. Fixed Asset Listing (31.12.23).xlsx,file://alexintranet%40SSL/DavWWWRoot/repo/finance/FinanceDocLib/Reports/Fixed%20Asset%20Registers/FY%202023%20Fixed%20Asset%20Listing/09.%20Fixed%20Asset%20Listing%20%2831.12.23%29.xlsx,2024-01-10 13:57:23
01. Fixed Asset Listing (30.04.23).xlsx,file://alexintranet%40SSL/DavWWWRoot/repo/finance/FinanceDocLib/Reports/Fixed%20Asset%20Registers/FY%202023%20Fixed%20Asset%20Listing/01.%20Fixed%20Asset%20Listing%20%2830.04.23%29.xlsx,2023-05-09 12:56:03
02. Fixed Asset Listing (31.05.23).xlsx,file://alexintranet%40SSL/DavWWWRoot/repo/finance/FinanceDocLib/Reports/Fixed%20Asset%20Registers/FY%202023%20Fixed%20Asset%20Listing/02.%20Fixed%20Asset%20Listing%20%2831.05.23%29.xlsx,2023-06-14 16:39:53
07. Fixed Asset Listing (31.10.23).xlsx,file://alexintranet%40SSL/DavWWWRoot/repo/finance/FinanceDocLib/Reports/Fixed%20Asset%20Registers/FY%202023%20Fixed%20Asset%20Listing/07.%20Fixed%20Asset%20Listing%20%2831.10.23%29.xlsx,2023-11-17 16:40:23
04. Fixed Asset Listing (31.07.23).xlsx,file://alexintranet%40SSL/DavWWWRoot/repo/finance/FinanceDocLib/Reports/Fixed%20Asset%20Registers/FY%202023%20Fixed%20Asset%20Listing/04.%20Fixed%20Asset%20Listing%20%2831.07.23%29.xlsx,2023-08-08 15:35:16
10. Fixed Asset Listing (31.01.23).xlsx,file://alexintranet%40SSL/DavWWWRoot/repo/finance/FinanceDocLib/Reports/Fixed%20Asset%20Registers/FY%202022%20Fixed%20Asset%20Listing/10.%20Fixed%20Asset%20Listing%20%2831.01.23%29.xlsx,2023-03-20 18:13:09
09. Fixed Asset Listing (31.12.22).xlsx,file://alexintranet%40SSL/DavWWWRoot/repo/finance/FinanceDocLib/Reports/Fixed%20Asset%20Registers/FY%202022%20Fixed%20Asset%20Listing/09.%20Fixed%20Asset%20Listing%20%2831.12.22%29.xlsx,2023-03-13 12:58:18
05. Fixed Asset Listing (31.08.22).xlsx,file://alexintranet%40SSL/DavWWWRoot/repo/finance/FinanceDocLib/Reports/Fixed%20Asset%20Registers/FY%202022%20Fixed%20Asset%20Listing/05.%20Fixed%20Asset%20Listing%20%2831.08.22%29.xlsx,2022-09-14 11:42:36
06. Fixed Asset Listing (30.09.22).xlsx,file://alexintranet%40SSL/DavWWWRoot/repo/finance/FinanceDocLib/Reports/Fixed%20Asset%20Registers/FY%202022%20Fixed%20Asset%20Listing/06.%20Fixed%20Asset%20Listing%20%2830.09.22%29.xlsx,2022-10-25 11:20:56
12. Fixed Asset Listing (31.03.23).xlsx,file://alexintranet%40SSL/DavWWWRoot/repo/finance/FinanceDocLib/Reports/Fixed%20Asset%20Registers/FY%202022%20Fixed%20Asset%20Listing/12.%20Fixed%20Asset%20Listing%20%2831.03.23%29.xlsx,2023-05-03 10:57:32
08. Fixed Asset Listing (30.11.22)v2.xlsx,file://alexintranet%40SSL/DavWWWRoot/repo/finance/FinanceDocLib/Reports/Fixed%20Asset%20Registers/FY%202022%20Fixed%20Asset%20Listing/08.%20Fixed%20Asset%20Listing%20%2830.11.22%29v2.xlsx,2023-03-13 12:58:26
11. Fixed Asset Listing (28.02.23).xlsx,file://alexintranet%40SSL/DavWWWRoot/repo/finance/FinanceDocLib/Reports/Fixed%20Asset%20Registers/FY%202022%20Fixed%20Asset%20Listing/11.%20Fixed%20Asset%20Listing%20%2828.02.23%29.xlsx,2023-05-03 10:57:42
03. Fixed Asset Listing (30.06.22).xlsx,file://alexintranet%40SSL/DavWWWRoot/repo/finance/FinanceDocLib/Reports/Fixed%20Asset%20Registers/FY%202022%20Fixed%20Asset%20Listing/03.%20Fixed%20Asset%20Listing%20%2830.06.22%29.xlsx,2022-08-18 13:34:12
07. Fixed Asset Listing (31.10.22).xlsx,file://alexintranet%40SSL/DavWWWRoot/repo/finance/FinanceDocLib/Reports/Fixed%20Asset%20Registers/FY%202022%20Fixed%20Asset%20Listing/07.%20Fixed%20Asset%20Listing%20%2831.10.22%29.xlsx,2022-11-25 22:29:05
04. Fixed Asset Listing (31.07.22).xlsx,file://alexintranet%40SSL/DavWWWRoot/repo/finance/FinanceDocLib/Reports/Fixed%20Asset%20Registers/FY%202022%20Fixed%20Asset%20Listing/04.%20Fixed%20Asset%20Listing%20%2831.07.22%29.xlsx,2022-08-18 13:36:48
01. Fixed Asset Listing (30.04.22).xlsx,file://alexintranet%40SSL/DavWWWRoot/repo/finance/FinanceDocLib/Reports/Fixed%20Asset%20Registers/FY%202022%20Fixed%20Asset%20Listing/01.%20Fixed%20Asset%20Listing%20%2830.04.22%29.xlsx,2022-05-17 15:33:37
02. Fixed Asset Listing (31.05.22).xlsx,file://alexintranet%40SSL/DavWWWRoot/repo/finance/FinanceDocLib/Reports/Fixed%20Asset%20Registers/FY%202022%20Fixed%20Asset%20Listing/02.%20Fixed%20Asset%20Listing%20%2831.05.22%29.xlsx,2022-06-16 14:38:27
02. Fixed Asset Listing (31.05.20).xlsx,file://alexintranet%40SSL/DavWWWRoot/repo/finance/FinanceDocLib/Reports/Fixed%20Asset%20Registers/FY%202020%20Fixed%20Asset%20Listing/02.%20Fixed%20Asset%20Listing%20%2831.05.20%29.xlsx,2020-06-11 15:20:26
11. Fixed Asset Listing (28.02.21).xlsx,file://alexintranet%40SSL/DavWWWRoot/repo/finance/FinanceDocLib/Reports/Fixed%20Asset%20Registers/FY%202020%20Fixed%20Asset%20Listing/11.%20Fixed%20Asset%20Listing%20%2828.02.21%29.xlsx,2021-06-06 21:10:43
09. Fixed Asset Listing (31.12.20).xlsx,file://alexintranet%40SSL/DavWWWRoot/repo/finance/FinanceDocLib/Reports/Fixed%20Asset%20Registers/FY%202020%20Fixed%20Asset%20Listing/09.%20Fixed%20Asset%20Listing%20%2831.12.20%29.xlsx,2021-01-21 13:50:38
01. Fixed Asset Listing (30.04.20).xlsx,file://alexintranet%40SSL/DavWWWRoot/repo/finance/FinanceDocLib/Reports/Fixed%20Asset%20Registers/FY%202020%20Fixed%20Asset%20Listing/01.%20Fixed%20Asset%20Listing%20%2830.04.20%29.xlsx,2020-06-11 15:04:48
10. Fixed Asset Listing (31.01.21).xlsx,file://alexintranet%40SSL/DavWWWRoot/repo/finance/FinanceDocLib/Reports/Fixed%20Asset%20Registers/FY%202020%20Fixed%20Asset%20Listing/10.%20Fixed%20Asset%20Listing%20%2831.01.21%29.xlsx,2021-02-11 16:52:34
03. Fixed Asset Listing (30.06.20).xlsx,file://alexintranet%40SSL/DavWWWRoot/repo/finance/FinanceDocLib/Reports/Fixed%20Asset%20Registers/FY%202020%20Fixed%20Asset%20Listing/03.%20Fixed%20Asset%20Listing%20%2830.06.20%29.xlsx,2020-07-14 16:28:19
06. Fixed Asset Listing (30.09.20).xlsx,file://alexintranet%40SSL/DavWWWRoot/repo/finance/FinanceDocLib/Reports/Fixed%20Asset%20Registers/FY%202020%20Fixed%20Asset%20Listing/06.%20Fixed%20Asset%20Listing%20%2830.09.20%29.xlsx,2020-11-13 23:06:09
12. Fixed Asset Listing (31.03.21).xlsx,file://alexintranet%40SSL/DavWWWRoot/repo/finance/FinanceDocLib/Reports/Fixed%20Asset%20Registers/FY%202020%20Fixed%20Asset%20Listing/12.%20Fixed%20Asset%20Listing%20%2831.03.21%29.xlsx,2021-06-06 23:01:45
07. Fixed Asset Listing (31.10.20).xlsx,file://alexintranet%40SSL/DavWWWRoot/repo/finance/FinanceDocLib/Reports/Fixed%20Asset%20Registers/FY%202020%20Fixed%20Asset%20Listing/07.%20Fixed%20Asset%20Listing%20%2831.10.20%29.xlsx,2020-11-16 09:56:39
04. Fixed Asset Listing (31.07.20).xlsx,file://alexintranet%40SSL/DavWWWRoot/repo/finance/FinanceDocLib/Reports/Fixed%20Asset%20Registers/FY%202020%20Fixed%20Asset%20Listing/04.%20Fixed%20Asset%20Listing%20%2831.07.20%29.xlsx,2020-08-12 20:59:01
08. Fixed Asset Listing (30.11.20).xlsx,file://alexintranet%40SSL/DavWWWRoot/repo/finance/FinanceDocLib/Reports/Fixed%20Asset%20Registers/FY%202020%20Fixed%20Asset%20Listing/08.%20Fixed%20Asset%20Listing%20%2830.11.20%29.xlsx,2020-12-11 15:41:40
05. Fixed Asset Listing (31.08.20).xlsx,file://alexintranet%40SSL/DavWWWRoot/repo/finance/FinanceDocLib/Reports/Fixed%20Asset%20Registers/FY%202020%20Fixed%20Asset%20Listing/05.%20Fixed%20Asset%20Listing%20%2831.08.20%29.xlsx,2020-09-28 09:52:07
NUHS Procurement Policy (NUHS-GPP-001) Revision 3.3 (1 Aug 2022).pdf,https://nuhs-intranet/Group%20Ops%20Shared%20Services/Group%20Strategic%20Procurement%20%20Documents/Policies/Group%20Strategic%20Procurement%20%26%20Contract%20Management/NUHS%20Procurement%20Policy%20%28NUHS-GPP-001%29%20Revision%203.3%20%281%20Aug%202022%29.pdf,2022-08-01 09:08:00
Procurement and Approval Playbook.pdf,https://nuhs-intranet/Group%20Ops%20Shared%20Services/Group%20Strategic%20Procurement%20%20Documents/Policies/Group%20Strategic%20Procurement%20%26%20Contract%20Management/Procurement%20and%20Approval%20Playbook.pdf,2024-01-23 10:06:44
NUHS Procurement Policy (NUHS-GPP-001) Revision 3.4 (31 Oct 2023).pdf,https://nuhs-intranet/Group%20Ops%20Shared%20Services/Group%20Strategic%20Procurement%20%20Documents/Policies/Group%20Strategic%20Procurement%20%26%20Contract%20Management/NUHS%20Procurement%20Policy%20%28NUHS-GPP-001%29%20Revision%203.4%20%2831%20Oct%202023%29.pdf,2023-11-02 08:38:12
